quantity,code,code_mei
displacement,Global.A,0.7725610240237718
displacement,Global.B,0.42097851274046094
displacement,Global.C,0.6904481845639743
displacement,Global.D,0.37907147205083785
displacement,Global.E,0.5747153885272093
displacement,Global.F,0.3966207179953729
displacement,Global.G,0.4295999349250092
displacement,Local.Affine.A,0.6021396337570107
displacement,Local.Affine.B,0.5657838268076808
displacement,Local.Affine.C,0.3613281328535473
displacement,Local.Affine.D,0.6535511609142692
displacement,Local.Affine.E,0.5972899461904944
displacement,Local.Affine.F,0.5410266875504725
displacement,Local.Affine.G,1.0232215230989634
displacement,Local.Affine.H,0.5729461939448179
displacement,Local.B,0.3613281328535473
displacement,Local.Quad.A,0.35554230357939876
displacement,Local.Quad.B,0.36814043908513
displacement,Local.Quad.C,0.3640900218755094
displacement,Local.Quad.D,0.36436725634243294
displacement,Misc.A,0.4278371591383523
displacement,Misc.B,0.6135303807867255
displacement,Misc.C,0.5917024413984545
displacement,Misc.D,0.5738166299630417
displacement,Misc.E,0.526576720110175
displacement,Misc.F,0.6471011186499191
strain,Global.A,10.963281999227988
strain,Global.B,4.130172076658696
strain,Global.C,4.208089153230149
strain,Global.D,1.57483600735731
strain,Global.E,5.558948999650788
strain,Global.F,7.563437963630997
strain,Global.G,1.2710479297302368
strain,Local.Affine.A,4.562729128587447
strain,Local.Affine.B,11.147040378622341
strain,Local.Affine.D,1.5388665940740338
strain,Local.Affine.E,3.6116679558842235
strain,Local.Affine.F,4.439541402538464
strain,Local.Affine.H,4.959852536263109
strain,Local.Quad.A,2.701054842303101
strain,Local.Quad.B,2.5137668728198967
strain,Local.Quad.C,1.5388665940740303
strain,Local.Quad.D,1.9858516538165123
strain,Misc.A,3.4935513519006047
strain,Misc.B,4.3762873444516535
strain,Misc.C,5.596240624193566
strain,Misc.D,5.32025562122778
strain,Misc.E,4.341228386620872
strain,Misc.F,6.653300535734182
